Workbook

Sheet Raw Data
A1: Month | B1: Service | C1: Tickets Raised | D1: Tickets Resolved | E1: SLA Breaches | F1: Avg Resolution (hrs) | G1: CSAT Score (%) | H1: Revenue (INR)
A2: Jan 2025 | B2: Helpdesk Support | C2: 161 | D2: 139 | E2: 0 | F2: 6.9 | G2: 78.4 | H2: 193158
A3: Jan 2025 | B3: Software Delivery | C3: 174 | D3: 150 | E3: 21 | F3: 6.9 | G3: 86.2 | H3: 429588
A4: Jan 2025 | B4: Data Processing | C4: 134 | D4: 114 | E4: 0 | F4: 3.1 | G4: 78 | H4: 435631
A5: Jan 2025 | B5: Network Ops | C5: 83 | D5: 78 | E5: 1 | F5: 6.8 | G5: 90.2 | H5: 339949
A6: Jan 2025 | B6: Client Reporting | C6: 108 | D6: 105 | E6: 2 | F6: 7.4 | G6: 72.2 | H6: 203707
A7: Jan 2025 | B7: Finance Advisory | C7: 169 | D7: 156 | E7: 5 | F7: 4.2 | G7: 77.6 | H7: 296472
A8: Feb 2025 | B8: Helpdesk Support | C8: 93 | D8: 80 | E8: 6 | F8: 3.1 | G8: 94 | H8: 436526
A9: Feb 2025 | B9: Software Delivery | C9: 113 | D9: 97 | E9: 14 | F9: 5.7 | G9: 97.3 | H9: 318461
A10: Feb 2025 | B10: Data Processing | C10: 90 | D10: 84 | E10: 2 | F10: 7.5 | G10: 88.1 | H10: 309600
A11: Feb 2025 | B11: Network Ops | C11: 153 | D11: 136 | E11: 2 | F11: 2.8 | G11: 77.9 | H11: 271722
A12: Feb 2025 | B12: Client Reporting | C12: 90 | D12: 89 | E12: 0 | F12: 7.7 | G12: 81.9 | H12: 357717
A13: Feb 2025 | B13: Finance Advisory | C13: 161 | D13: 147 | E13: 2 | F13: 4.7 | G13: 77.4 | H13: 259973
... A73: Dec 2025 | B73: Finance Advisory | C73: 180 | D73: 166 | E73: 12 | F73: 6.5 | G73: 91.1 | H73: 250111

Sheet MIS Monthly Report
A1: VISION DIGITAL INDIA — MIS MONTHLY PERFORMANCE REPORT (2025)
A2: Business Analytics Dashboard Project | Prepared by: Musharraf Ghani Raza | Role: Business Analyst Intern | Period: Jan–Mar 2025
A4: Total Tickets Raised | C4: Total Tickets Resolved | E4: SLA Compliance % | G4: Avg CSAT Score | I4: Total Revenue (INR) | K4: MIS Reports Issued
A5: =SUM('Raw Data'!C2:C73) -> 10237 | C5: =SUM('Raw Data'!D2:D73) -> 9444 | E5: =TEXT(SUM('Raw Data'!D2:D73)/SUM('Raw Data'!C2:C73)*100,"0.0")&"%" -> 92.3% | G5: =TEXT(AVERAGE('Raw Data'!G2:G73),"0.0")&"%" -> 85.0% | I5: =SUM('Raw Data'!H2:H73) -> 22012389 | K5: 15
A6: Jan – Mar 2025 | C6: Jan – Mar 2025 | E6: Jan – Mar 2025 | G6: Jan – Mar 2025 | I6: Jan – Mar 2025 | K6: Jan – Mar 2025
A8: Month | B8: Tickets Raised | C8: Tickets Resolved | D8: SLA Breaches | E8: SLA Compliance % | F8: Avg Resolution (hrs) | G8: CSAT Score (%) | H8: Revenue (INR) | I8: Status
A9: January 2025 | B9: 492 | C9: 438 | D9: 12 | E9: =C9/B9 -> 0.8902439 | F9: 5.2 | G9: 87.4 | H9: 1840000 | I9: REVIEW
A10: February 2025 | B10: 456 | C10: 421 | D10: 8 | E10: =C10/B10 -> 0.92324561 | F10: 4.8 | G10: 89.1 | H10: 1720000 | I10: ON TRACK
A11: March 2025 | B11: 511 | C11: 478 | D11: 15 | E11: =C11/B11 -> 0.93542074 | F11: 5.6 | G11: 85.9 | H11: 2010000 | I11: ON TRACK
A12: TOTAL / AVERAGE | B12: =SUM(B9:B11) -> 1459 | C12: =SUM(C9:C11) -> 1337 | D12: =SUM(D9:D11) -> 35 | E12: =C12/B12 -> 0.91638108 | F12: =AVERAGE(F9:F11) -> 5.2 | G12: =AVERAGE(G9:G11) -> 87.466667 | H12: =SUM(H9:H11) -> 5570000
A14: SERVICE-WISE PERFORMANCE BREAKDOWN
A15: Service | B15: Tickets Raised | C15: Tickets Resolved | D15: SLA Breaches | E15: CSAT (%) | F15: Revenue (INR) | G15: Performance
A16: Helpdesk Support | B16: 238 | C16: 215 | D16: 8 | E16: 91.2 | F16: 920000 | G16: HIGH
A17: Software Delivery | B17: 195 | C17: 183 | D17: 4 | E17: 94.1 | F17: 1350000 | G17: HIGH
A18: Data Processing | B18: 187 | C18: 168 | D18: 10 | E18: 85.6 | F18: 680000 | G18: MEDIUM
A19: Network Ops | B19: 201 | C19: 187 | D19: 7 | E19: 88.3 | F19: 790000 | G19: MEDIUM
A20: Client Reporting | B20: 176 | C20: 172 | D20: 3 | E20: 96.2 | F20: 1100000 | G20: HIGH
A21: Finance Advisory | B21: 162 | C21: 158 | D21: 3 | E21: 92.7 | F21: 730000 | G21: HIGH

Sheet SLA Dashboard
A1: SLA PERFORMANCE DASHBOARD — VISION DIGITAL INDIA (2025)
A2: Monitoring Period: January 2025 – March 2025 | Analyst: Musharraf Ghani Raza
A4: # | B4: Service Category | C4: Target SLA % | D4: Jan Actual | E4: Feb Actual | F4: Mar Actual | G4: Avg Actual | H4: Variance | I4: Trend | J4: SLA Status
A5: 1 | B5: Helpdesk Support | C5: 0.95 | D5: 0.889 | E5: 0.903 | F5: 0.912 | G5: =AVERAGE(D5:F5) -> 0.90133333 | H5: =G5-C5 -> -0.048666667 | I5: ↑ Improving | J5: AT RISK
A6: 2 | B6: Software Delivery | C6: 0.9 | D6: 0.932 | E6: 0.94 | F6: 0.941 | G6: =AVERAGE(D6:F6) -> 0.93766667 | H6: =G6-C6 -> 0.037666667 | I6: ↑ Stable | J6: MET
A7: 3 | B7: Data Processing | C7: 0.92 | D7: 0.821 | E7: 0.845 | F7: 0.856 | G7: =AVERAGE(D7:F7) -> 0.84066667 | H7: =G7-C7 -> -0.079333333 | I7: ↑ Improving | J7: AT RISK
A8: 4 | B8: Network Ops | C8: 0.93 | D8: 0.864 | E8: 0.879 | F8: 0.883 | G8: =AVERAGE(D8:F8) -> 0.87533333 | H8: =G8-C8 -> -0.054666667 | I8: ↑ Improving | J8: AT RISK
A9: 5 | B9: Client Reporting | C9: 0.95 | D9: 0.951 | E9: 0.958 | F9: 0.962 | G9: =AVERAGE(D9:F9) -> 0.957 | H9: =G9-C9 -> 0.007 | I9: ↑ Excellent | J9: MET
A10: 6 | B10: Finance Advisory | C10: 0.9 | D10: 0.918 | E10: 0.923 | F10: 0.927 | G10: =AVERAGE(D10:F10) -> 0.92266667 | H10: =G10-C10 -> 0.022666667 | I10: ↑ Stable | J10: MET
A12: WEEK-BY-WEEK SLA COMPLIANCE TRACKER
A13: Week | B13: Period | C13: Tickets In | D13: Resolved | E13: Breaches | F13: Compliance % | G13: CSAT % | H13: Escalations | I13: Revenue | J13: Flag
A14: W1 | B14: 01–07 Jan | C14: 145 | D14: 129 | E14: 5 | F14: 0.89 | G14: 0.862 | H14: 2 | I14: 580000 | J14: REVIEW
A15: W2 | B15: 08–14 Jan | C15: 162 | D15: 148 | E15: 4 | F15: 0.914 | G15: 0.881 | H15: 1 | I15: 620000 | J15: OK
A16: W3 | B16: 15–21 Jan | C16: 153 | D16: 140 | E16: 3 | F16: 0.915 | G16: 0.879 | H16: 1 | I16: 590000 | J16: OK
A17: W4 | B17: 22–31 Jan | C17: 154 | D17: 143 | E17: 4 | F17: 0.929 | G17: 0.883 | H17: 1 | I17: 650000 | J17: OK
A18: W5 | B18: 01–07 Feb | C18: 148 | D18: 137 | E18: 2 | F18: 0.926 | G18: 0.89 | H18: 1 | I18: 610000 | J18: OK
A19: W6 | B19: 08–14 Feb | C19: 152 | D19: 142 | E19: 3 | F19: 0.934 | G19: 0.895 | H19: 0 | I19: 640000 | J19: OK
A20: W7 | B20: 15–21 Feb | C20: 150 | D20: 141 | E20: 2 | F20: 0.94 | G20: 0.898 | H20: 0 | I20: 630000 | J20: OK
A21: W8 | B21: 22–28 Feb | C21: 128 | D21: 120 | E21: 1 | F21: 0.938 | G21: 0.889 | H21: 0 | I21: 590000 | J21: OK
A22: W9 | B22: 01–07 Mar | C22: 165 | D22: 150 | E22: 5 | F22: 0.909 | G22: 0.851 | H22: 2 | I22: 670000 | J22: REVIEW
A23: W10 | B23: 08–14 Mar | C23: 172 | D23: 160 | E23: 5 | F23: 0.93 | G23: 0.86 | H23: 1 | I23: 680000 | J23: OK
A24: W11 | B24: 15–21 Mar | C24: 163 | D24: 154 | E24: 4 | F24: 0.945 | G24: 0.865 | H24: 1 | I24: 650000 | J24: OK
A25: W12 | B25: 22–31 Mar | C25: 168 | D25: 159 | E25: 6 | F25: 0.946 | G25: 0.863 | H25: 1 | I25: 710000 | J25: OK

Sheet Client Query Log
A1: CLIENT QUERY RESOLUTION LOG — JAN–MAR 2025
A2: Query ID | B2: Date Raised | C2: Client Name | D2: Query Type | E2: Assigned To | F2: Priority | G2: Date Resolved | H2: Resolution Time (hrs) | I2: Status | J2: Remarks
A3: QRY-2025-001 | B3: 02-Mar-2025 | C3: GlobalFin | D3: Report Format | E3: Musharraf G. Raza | F3: LOW | G3: 05-Mar-2025 | H3: 1.7 | I3: RESOLVED | J3: Resolved within SLA
A4: QRY-2025-002 | B4: 27-Feb-2025 | C4: RetailMax | D4: SLA Dispute | E4: Musharraf G. Raza | F4: HIGH | G4: 28-Feb-2025 | H4: 1.9 | I4: RESOLVED | J4: Resolved within SLA
A5: QRY-2025-003 | B5: 03-Feb-2025 | C5: TechSoft Pvt Ltd | D5: SLA Dispute | E5: Musharraf G. Raza | F5: MEDIUM | G5: 04-Feb-2025 | H5: 2 | I5: RESOLVED | J5: Resolved within SLA
A6: QRY-2025-004 | B6: 12-Mar-2025 | C6: GlobalFin | D6: Report Format | E6: Musharraf G. Raza | F6: MEDIUM | G6: 14-Mar-2025 | H6: 10.2 | I6: RESOLVED | J6: Resolved within SLA
A7: QRY-2025-005 | B7: 06-Feb-2025 | C7: DataSure | D7: Data Mismatch | E7: Musharraf G. Raza | F7: LOW | G7: 09-Feb-2025 | H7: 5.3 | I7: RESOLVED | J7: Resolved within SLA
A8: QRY-2025-006 | B8: 15-Jan-2025 | C8: BuildRight | D8: Report Format | E8: Musharraf G. Raza | F8: HIGH | G8: 16-Jan-2025 | H8: 7.6 | I8: RESOLVED | J8: Resolved within SLA
A9: QRY-2025-007 | B9: 07-Jan-2025 | C9: RetailMax | D9: KPI Clarification | E9: Musharraf G. Raza | F9: MEDIUM | G9: 08-Jan-2025 | H9: 9.6 | I9: RESOLVED | J9: Resolved within SLA
A10: QRY-2025-008 | B10: 22-Feb-2025 | C10: BuildRight | D10: Report Format | E10: Musharraf G. Raza | F10: MEDIUM | G10: 24-Feb-2025 | H10: 6.4 | I10: RESOLVED | J10: Resolved within SLA
A11: QRY-2025-009 | B11: 06-Mar-2025 | C11: TechSoft Pvt Ltd | D11: Report Format | E11: Musharraf G. Raza | F11: HIGH | G11: 09-Mar-2025 | H11: 1.9 | I11: RESOLVED | J11: Resolved within SLA
A12: QRY-2025-010 | B12: 27-Feb-2025 | C12: BuildRight | D12: SLA Dispute | E12: Musharraf G. Raza | F12: HIGH | G12: 27-Feb-2025 | H12: 7.1 | I12: RESOLVED | J12: Resolved within SLA
A13: QRY-2025-011 | B13: 13-Jan-2025 | C13: BuildRight | D13: Data Mismatch | E13: Musharraf G. Raza | F13: LOW | G13: 13-Jan-2025 | H13: 3.1 | I13: RESOLVED | J13: Resolved within SLA
A14: QRY-2025-012 | B14: 06-Feb-2025 | C14: TechSoft Pvt Ltd | D14: Data Mismatch | E14: Musharraf G. Raza | F14: MEDIUM | G14: 09-Feb-2025 | H14: 11.7 | I14: RESOLVED | J14: Resolved within SLA
... A24: QRY-2025-022 | B24: 05-Jan-2025 | C24: Acme Corp | D24: KPI Clarification | E24: Musharraf G. Raza | F24: MEDIUM | G24: 08-Jan-2025 | H24: 10.3 | I24: RESOLVED | J24: Resolved within SLA

Sheet Pivot Summary
A1: PIVOT SUMMARY — SERVICE & MONTH PERFORMANCE ANALYSIS
A3: Service | B3: Jan 2025 | C3: Feb 2025 | D3: Mar 2025 | E3: Total
A4: Helpdesk Support | B4: 449781 | C4: 359088 | D4: 487001 | E4: 1295870
A5: Software Delivery | B5: 621277 | C5: 305315 | D5: 317977 | E5: 1244569
A6: Data Processing | B6: 560956 | C6: 329351 | D6: 471726 | E6: 1362033
A7: Network Ops | B7: 585548 | C7: 310408 | D7: 546042 | E7: 1441998
A8: Client Reporting | B8: 392563 | C8: 299658 | D8: 325061 | E8: 1017282
A9: Finance Advisory | B9: 507355 | C9: 499242 | D9: 316624 | E9: 1323221
A10: GRAND TOTAL | B10: 3117480 | C10: 2103062 | D10: 2464431 | E10: 7684973
